state,cod,cum_excess_lower,cum_excess_upper,cum_observed,cum_expected,cum_excess,increase,rate,corr
AK,All Causes,254,573,"4,223","3,809",414,10.90%,56.5,0.33
AK,Alzheimers Disease,-10,38,117,103,14,13.90%,1.9,-0.13
AK,CLRD,-32,41,172,167,5,2.90%,0.7,-0.06
AK,COVID-19,,,220,,,,,
AK,Cancer,-28,100,827,790,37,4.60%,5,-0.14
AK,Cardiovascular Disease,-38,101,982,950,32,3.40%,4.4,0.07
AK,Diabetes,25,73,148,99,49,49.90%,6.7,-0.25
AK,HIV,-8,4,,,-2,,-0.3,-0.05
AK,Homicide,-26,12,49,56,-7,-12.50%,-1,-0.1
AK,Influenza and Pneumonia,-21,9,39,45,-6,-13.00%,-0.8,0.08
AK,Injury of Undetermined Intent,5,34,39,19,20,100.30%,2.7,-0.7
AK,Kidney Disease,-1,27,54,41,13,31.90%,1.8,0.18
AK,Liver Disease,22,74,143,95,48,50.80%,6.6,-0.26
AK,Motor Vehicle Accidents,-26,9,68,77,-9,-11.20%,-1.2,-0.25
AK,Other External Causes,-33,70,326,307,19,6.20%,2.6,0.05
AK,Other Internal Causes,-45,88,828,806,22,2.70%,3,0.09
AK,Suicide,-29,34,172,169,3,1.80%,0.4,-0.19
AK,Unknown Disease,-22,12,38,43,-5,-12.30%,-0.7,-0.25
AL,All Causes,7946,11053,"54,006","44,489","9,517",21.40%,191.1,0.97
AL,Alzheimers Disease,229,775,"2,606","2,101",505,24.00%,10.1,0.29
AL,CLRD,-363,181,"2,747","2,834",-87,-3.10%,-1.8,0.09
AL,COVID-19,,,"6,260",,,,,
AL,Cancer,-366,128,"8,602","8,720",-118,-1.30%,-2.4,-0.26
AL,Cardiovascular Disease,742,2225,"15,811","14,320","1,491",10.40%,29.9,0.61
AL,Diabetes,179,365,"1,210",937,273,29.10%,5.5,0.76
AL,HIV,-17,44,75,61,14,22.80%,0.3,0.25
AL,Homicide,-2,161,562,481,81,16.70%,1.6,0.22
AL,Influenza and Pneumonia,-202,163,826,845,-19,-2.30%,-0.4,0.31
AL,Injury of Undetermined Intent,-31,33,44,43,1,3.00%,0,-0.34
AL,Kidney Disease,-47,147,871,820,51,6.20%,1,0.05
AL,Liver Disease,59,191,816,690,126,18.30%,2.5,-0.28
AL,Motor Vehicle Accidents,-183,142,841,860,-19,-2.20%,-0.4,-0.5
AL,Other External Causes,93,516,"1,759","1,453",306,21.10%,6.2,0.56
AL,Other Internal Causes,41,883,"9,411","8,944",467,5.20%,9.4,0.39
AL,Suicide,-86,74,669,674,-5,-0.70%,-0.1,-0.65
AL,Unknown Disease,-287,394,896,840,56,6.70%,1.1,0.69
AR,All Causes,4557,6658,"32,086","26,462","5,624",21.30%,186.4,0.53
AR,Alzheimers Disease,-131,232,"1,455","1,403",52,3.70%,1.7,-0.13
AR,CLRD,-187,245,"1,960","1,928",32,1.70%,1.1,-0.24
AR,COVID-19,,,"3,537",,,,,
AR,Cancer,-297,127,"5,309","5,392",-83,-1.50%,-2.8,-0.22
AR,Cardiovascular Disease,168,1112,"9,108","8,462",646,7.60%,21.4,0.1
AR,Diabetes,45,284,"1,114",948,166,17.50%,5.5,-0.33
AR,HIV,-27,14,34,40,-6,-15.40%,-0.2,-0.15
AR,Homicide,50,124,313,225,88,38.90%,2.9,0.38
AR,Influenza and Pneumonia,-78,223,535,461,74,16.00%,2.4,-0.38
AR,Injury of Undetermined Intent,-4,57,69,42,27,64.90%,0.9,0.11
AR,Kidney Disease,-46,104,590,560,30,5.30%,1,-0.4
AR,Liver Disease,48,148,467,368,99,26.80%,3.3,0.04
AR,Motor Vehicle Accidents,36,209,596,472,124,26.20%,4.1,-0.27
AR,Other External Causes,19,212,988,872,116,13.30%,3.9,-0.2
AR,Other Internal Causes,-11,715,"5,372","5,016",356,7.10%,11.8,0.07
AR,Suicide,-74,84,488,482,6,1.20%,0.2,-0.29
AR,Unknown Disease,-87,130,151,128,23,17.60%,0.8,-0.65
AZ,All Causes,12475,17978,"65,788","50,532","15,256",30.20%,211.1,0.98
AZ,Alzheimers Disease,-132,584,"2,736","2,506",230,9.20%,3.2,0.79
AZ,CLRD,-161,491,"3,038","2,869",169,5.90%,2.3,0.57
AZ,COVID-19,,,"8,578",,,,,
AZ,Cancer,-142,638,"10,730","10,478",252,2.40%,3.5,0.26
AZ,Cardiovascular Disease,826,2841,"16,140","14,298","1,842",12.90%,25.5,0.8
AZ,Diabetes,109,552,"2,139","1,806",333,18.40%,4.6,0.87
AZ,HIV,-28,32,63,61,2,4.00%,0,0.44
AZ,Homicide,-33,141,448,393,55,13.90%,0.8,-0.33
AZ,Influenza and Pneumonia,-258,422,868,782,86,11.00%,1.2,0.76
AZ,Injury of Undetermined Intent,-12,83,170,134,36,27.00%,0.5,-0.29
AZ,Kidney Disease,-73,150,647,608,39,6.50%,0.5,0.09
AZ,Liver Disease,129,323,"1,228","1,001",227,22.60%,3.1,-0.14
AZ,Motor Vehicle Accidents,-201,154,896,918,-22,-2.40%,-0.3,0.26
AZ,Other External Causes,393,998,"4,043","3,344",699,20.90%,9.7,0.56
AZ,Other Internal Causes,1760,2991,"12,037","9,653","2,384",24.70%,33,0.76
AZ,Suicide,-160,67,"1,138","1,183",-45,-3.80%,-0.6,-0.09
AZ,Unknown Disease,-277,468,889,790,99,12.60%,1.4,0.36
CA,All Causes,39979,56864,"271,244","222,711","48,533",21.80%,122.9,0.99
CA,Alzheimers Disease,202,2110,"15,648","14,482","1,166",8.10%,3,0.8
CA,CLRD,-1145,482,"10,349","10,674",-325,-3.00%,-0.8,0.2
CA,COVID-19,,,"31,306",,,,,
CA,Cancer,-622,661,"50,003","49,977",26,0.10%,0.1,0.49
CA,Cardiovascular Disease,2846,10412,"77,002","70,334","6,668",9.50%,16.9,0.83
CA,Diabetes,1154,2231,"9,800","8,102","1,698",21.00%,4.3,0.88
CA,HIV,0,211,523,416,107,25.60%,0.3,-0.01
CA,Homicide,383,777,"2,082","1,500",582,38.80%,1.5,-0.26
CA,Influenza and Pneumonia,-914,1057,"4,471","4,394",77,1.80%,0.2,0.01
CA,Injury of Undetermined Intent,-41,60,199,188,11,5.60%,0,-0.81
CA,Kidney Disease,-317,287,"3,571","3,584",-13,-0.30%,0,0.46
CA,Liver Disease,334,721,"5,216","4,686",530,11.30%,1.3,0.23
CA,Motor Vehicle Accidents,-248,559,"3,810","3,651",159,4.40%,0.4,-0.36
CA,Other External Causes,1817,2824,"12,561","10,235","2,326",22.70%,5.9,0.29
CA,Other Internal Causes,724,4154,"39,662","37,206","2,456",6.60%,6.2,0.6
CA,Suicide,-567,-157,"3,450","3,809",-359,-9.40%,-0.9,-0.28
CA,Unknown Disease,135,792,"1,591","1,123",468,41.60%,1.2,0.59
CO,All Causes,5708,7841,"40,367","33,578","6,789",20.20%,117.6,0.95
CO,Alzheimers Disease,-9,441,"1,831","1,613",218,13.50%,3.8,0.67
CO,CLRD,-235,127,"2,032","2,084",-52,-2.50%,-0.9,0.2
CO,COVID-19,,,"4,423",,,,,
CO,Cancer,-208,256,"6,830","6,805",25,0.40%,0.4,0.55
CO,Cardiovascular Disease,23,1002,"9,353","8,836",517,5.90%,9,0.21
CO,Diabetes,25,198,988,876,112,12.80%,1.9,0.29
CO,HIV,-19,22,34,32,2,5.50%,0,0.21
CO,Homicide,18,101,290,230,60,26.00%,1,-0.1
CO,Influenza and Pneumonia,-235,104,319,383,-64,-16.70%,-1.1,-0.54
CO,Injury of Undetermined Intent,-31,37,51,47,4,7.50%,0.1,0.23
CO,Kidney Disease,-68,19,388,412,-24,-5.80%,-0.4,0.26
CO,Liver Disease,118,305,"1,010",797,213,26.70%,3.7,0.16
CO,Motor Vehicle Accidents,-105,95,602,606,-4,-0.60%,-0.1,-0.32
CO,Other External Causes,125,502,"2,630","2,315",315,13.60%,5.5,0.36
CO,Other Internal Causes,755,1553,"8,295","7,136","1,159",16.20%,20.1,0.39
CO,Suicide,-114,118,"1,106","1,103",3,0.30%,0.1,0.56
CO,Unknown Disease,-104,55,185,209,-24,-11.30%,-0.4,-0.11
CT,All Causes,5480,7713,"32,568","25,956","6,612",25.50%,184.5,1
CT,Alzheimers Disease,61,275,929,760,169,22.30%,4.7,0.83
CT,CLRD,-268,-27,991,"1,138",-147,-12.90%,-4.1,-0.48
CT,COVID-19,,,"5,855",,,,,
CT,Cancer,-99,299,"5,585","5,483",102,1.90%,2.8,0.17
CT,Cardiovascular Disease,-436,502,"7,641","7,602",39,0.50%,1.1,0.62
CT,Diabetes,55,220,724,586,138,23.60%,3.9,0.67
CT,HIV,-10,34,41,29,12,41.10%,0.3,0.1
CT,Homicide,24,76,137,87,50,57.60%,1.4,-0.66
CT,Influenza and Pneumonia,-300,55,362,483,-121,-25.00%,-3.4,0.38
CT,Injury of Undetermined Intent,-9,12,25,23,2,7.20%,0,-0.23
CT,Kidney Disease,-64,22,470,491,-21,-4.30%,-0.6,0.41
CT,Liver Disease,77,170,464,340,124,36.60%,3.5,0.08
CT,Motor Vehicle Accidents,-24,60,271,253,18,7.10%,0.5,-0.23
CT,Other External Causes,-64,219,"1,856","1,777",79,4.50%,2.2,0.37
CT,Other Internal Causes,-195,361,"6,642","6,557",85,1.30%,2.4,0.85
CT,Suicide,-106,-10,295,352,-57,-16.20%,-1.6,0
CT,Unknown Disease,-145,-2,280,353,-73,-20.60%,-2,0.38
DC,All Causes,668,1650,"6,339","5,176","1,163",22.50%,169.4,0.97
DC,Alzheimers Disease,-37,23,60,67,-7,-10.40%,-1,-0.1
DC,CLRD,-29,22,142,145,-3,-2.40%,-0.5,0.1
DC,COVID-19,,,944,,,,,
DC,Cancer,-76,114,990,970,20,2.10%,2.9,0.12
DC,Cardiovascular Disease,-130,285,"1,712","1,632",80,4.90%,11.6,0.72
DC,Diabetes,-9,73,145,112,33,28.90%,4.7,0.52
DC,HIV,-28,43,57,49,8,15.50%,1.1,0.38
DC,Homicide,-3,86,180,138,42,30.50%,6.1,-0.01
DC,Influenza and Pneumonia,-25,22,75,76,-1,-1.80%,-0.2,-0.59
DC,Injury of Undetermined Intent,-9,13,10,8,2,26.90%,0.3,0.53
DC,Kidney Disease,-16,27,46,40,6,14.60%,0.9,0.42
DC,Liver Disease,10,45,99,72,27,38.20%,4,-0.07
DC,Motor Vehicle Accidents,-12,24,52,46,6,13.70%,0.9,0.17
DC,Other External Causes,-102,140,598,578,20,3.40%,2.9,0.74
DC,Other Internal Causes,24,282,"1,154",999,155,15.50%,22.6,0.55
DC,Suicide,-18,11,45,49,-4,-7.30%,-0.5,-0.24
DC,Unknown Disease,-185,162,30,40,-10,-24.40%,-1.4,0.41
DE,All Causes,1183,2015,"9,363","7,758","1,605",20.70%,162.8,0.93
DE,Alzheimers Disease,43,185,406,292,114,39.30%,11.6,0.23
DE,CLRD,-106,36,377,412,-35,-8.40%,-3.5,0.24
DE,COVID-19,,,985,,,,,
DE,Cancer,-73,116,"1,790","1,769",21,1.20%,2.2,0.3
DE,Cardiovascular Disease,31,420,"2,562","2,333",229,9.80%,23.2,0.34
DE,Diabetes,40,115,286,208,78,37.30%,7.9,0.23
DE,HIV,-21,11,13,18,-5,-26.50%,-0.5,0.34
DE,Homicide,7,39,73,50,23,46.00%,2.3,-0.1
DE,Influenza and Pneumonia,-35,40,123,120,3,2.30%,0.3,0.04
DE,Injury of Undetermined Intent,-15,1,,,-7,,-0.7,0
DE,Kidney Disease,-60,19,146,166,-20,-12.10%,-2,0.28
DE,Liver Disease,16,52,112,78,34,43.00%,3.4,0.04
DE,Motor Vehicle Accidents,-42,11,103,118,-15,-12.80%,-1.5,-0.27
DE,Other External Causes,-95,44,534,558,-24,-4.40%,-2.5,0.22
DE,Other Internal Causes,-23,220,"1,723","1,624",99,6.10%,10.1,0.62
DE,Suicide,-36,15,96,106,-10,-9.80%,-1.1,-0.29
DE,Unknown Disease,-56,70,31,24,7,28.90%,0.7,-0.66
FL,All Causes,25663,36865,"205,403","174,082","31,321",18.00%,145.3,0.98
FL,Alzheimers Disease,203,1431,"6,125","5,303",822,15.50%,3.8,0.98
FL,CLRD,-1064,672,"9,626","9,815",-189,-1.90%,-0.9,0.57
FL,COVID-19,,,"19,468",,,,,
FL,Cancer,-256,1140,"38,155","37,704",451,1.20%,2.1,0.34
FL,Cardiovascular Disease,490,6889,"58,767","55,050","3,717",6.80%,17.2,0.77
FL,Diabetes,886,1496,"6,440","5,245","1,195",22.80%,5.5,0.84
FL,HIV,-84,212,574,508,66,12.90%,0.3,-0.2
FL,Homicide,42,340,"1,375","1,183",192,16.30%,0.9,-0.14
FL,Influenza and Pneumonia,-179,635,"2,536","2,305",231,10.00%,1.1,0.37
FL,Injury of Undetermined Intent,-70,68,131,132,-1,-0.50%,0,0.46
FL,Kidney Disease,-317,190,"2,637","2,698",-61,-2.30%,-0.3,0.22
FL,Liver Disease,197,547,"3,204","2,829",375,13.20%,1.7,0.46
FL,Motor Vehicle Accidents,-236,426,"3,015","2,917",98,3.40%,0.5,-0.65
FL,Other External Causes,701,2257,"11,582","10,096","1,486",14.70%,6.9,0.06
FL,Other Internal Causes,1293,4212,"36,397","33,627","2,770",8.20%,12.9,0.42
FL,Suicide,-560,-1,"2,643","2,921",-278,-9.50%,-1.3,-0.01
FL,Unknown Disease,-287,966,"2,728","2,384",344,14.40%,1.6,0.53
GA,All Causes,13557,18387,"88,173","72,174","15,999",22.20%,149.7,0.98
GA,Alzheimers Disease,102,1107,"4,073","3,465",608,17.60%,5.7,0.59
GA,CLRD,-292,407,"3,897","3,837",60,1.60%,0.6,0.45
GA,COVID-19,,,"9,533",,,,,
GA,Cancer,-449,463,"14,974","14,960",14,0.10%,0.1,-0.13
GA,Cardiovascular Disease,1237,3303,"23,443","21,163","2,280",10.80%,21.3,0.68
GA,Diabetes,118,585,"2,386","2,032",354,17.40%,3.3,0.74
GA,HIV,-51,117,262,228,34,14.90%,0.3,0.03
GA,Homicide,141,340,978,736,242,32.80%,2.3,-0.43
GA,Influenza and Pneumonia,-132,340,"1,224","1,119",105,9.40%,1,0.34
GA,Injury of Undetermined Intent,-26,20,70,73,-3,-4.00%,0,-0.29
GA,Kidney Disease,-96,212,"1,766","1,706",60,3.50%,0.6,-0.01
GA,Liver Disease,75,248,"1,245","1,082",163,15.00%,1.5,0.3
GA,Motor Vehicle Accidents,26,438,"1,570","1,336",234,17.50%,2.2,-0.33
GA,Other External Causes,376,770,"3,331","2,756",575,20.90%,5.4,0.54
GA,Other Internal Causes,1088,2822,"17,174","15,210","1,964",12.90%,18.4,0.86
GA,Suicide,-203,-69,"1,233","1,369",-136,-9.90%,-1.3,-0.3
GA,Unknown Disease,-1038,1447,"1,014",800,214,26.70%,2,0.35
HI,All Causes,-493,526,"9,965","9,944",21,0.20%,1.5,0.69
HI,Alzheimers Disease,24,180,491,388,103,26.40%,7.1,0.26
HI,CLRD,-42,43,306,305,1,0.30%,0.1,0.08
HI,COVID-19,,,329,,,,,
HI,Cancer,-21,174,"2,134","2,057",77,3.70%,5.4,0.12
HI,Cardiovascular Disease,-349,123,"3,015","3,125",-110,-3.50%,-7.7,-0.24
HI,Diabetes,-40,54,268,260,8,3.00%,0.5,-0.06
HI,HIV,-11,5,,,-3,,-0.2,0.19
HI,Homicide,-16,11,33,35,-2,-6.00%,-0.1,-0.04
HI,Influenza and Pneumonia,-176,81,180,227,-47,-20.50%,-3.2,0.33
HI,Injury of Undetermined Intent,-26,23,18,19,-1,-5.60%,-0.1,0.11
HI,Kidney Disease,-28,27,173,174,-1,-0.30%,0,-0.12
HI,Liver Disease,-1,42,123,102,21,20.10%,1.4,-0.12
HI,Motor Vehicle Accidents,-44,14,77,92,-15,-16.30%,-1,-0.05
HI,Other External Causes,-104,63,510,529,-19,-3.70%,-1.4,-0.23
HI,Other Internal Causes,-296,78,"2,035","2,142",-107,-5.00%,-7.5,0.19
HI,Suicide,-89,-14,149,200,-51,-25.50%,-3.6,-0.44
HI,Unknown Disease,-56,49,118,121,-3,-2.50%,-0.2,0.08
IA,All Causes,3913,6000,"30,224","25,256","4,968",19.70%,156.4,0.96
IA,Alzheimers Disease,-55,351,"1,220","1,070",150,14.00%,4.7,0.51
IA,CLRD,-382,-55,"1,330","1,547",-217,-14.00%,-6.8,0.3
IA,COVID-19,,,"4,329",,,,,
IA,Cancer,-371,-5,"5,169","5,356",-187,-3.50%,-5.9,-0.35
IA,Cardiovascular Disease,-562,561,"7,872","7,867",5,0.10%,0.2,-0.39
IA,Diabetes,-65,246,867,775,92,11.90%,2.9,-0.14
IA,HIV,-12,3,11,16,-5,-29.30%,-0.1,0.35
IA,Homicide,-3,41,92,73,19,26.20%,0.6,0.05
IA,Influenza and Pneumonia,-220,187,406,421,-15,-3.50%,-0.5,-0.01
IA,Injury of Undetermined Intent,0,25,42,29,13,42.60%,0.4,0.35
IA,Kidney Disease,-21,60,368,348,20,5.70%,0.6,0.5
IA,Liver Disease,1,103,347,294,53,17.80%,1.7,0.28
IA,Motor Vehicle Accidents,-48,66,310,301,9,3.20%,0.3,-0.35
IA,Other External Causes,-41,162,"1,119","1,057",62,5.90%,2,0.22
IA,Other Internal Causes,79,552,"5,957","5,640",317,5.60%,10,0.07
IA,Suicide,-47,40,450,453,-3,-0.80%,-0.1,-0.34
IA,Unknown Disease,-54,114,335,304,31,10.20%,1,0.33
ID,All Causes,1262,2256,"14,015","12,249","1,766",14.40%,96.8,0.65
ID,Alzheimers Disease,8,210,653,543,110,20.30%,6,0.22
ID,CLRD,-200,-14,692,798,-106,-13.30%,-5.8,-0.3
ID,COVID-19,,,"1,369",,,,,
ID,Cancer,-205,127,"2,508","2,545",-37,-1.50%,-2,-0.01
ID,Cardiovascular Disease,-24,456,"3,577","3,359",218,6.50%,12,-0.19
ID,Diabetes,-7,92,407,364,43,11.70%,2.3,-0.07
ID,HIV,-8,3,,,-2,,-0.1,-0.38
ID,Homicide,-12,22,37,32,5,15.10%,0.3,-0.49
ID,Influenza and Pneumonia,-114,26,125,168,-43,-25.70%,-2.4,-0.43
ID,Injury of Undetermined Intent,-23,7,12,20,-8,-39.10%,-0.4,0.19
ID,Kidney Disease,-41,42,147,146,1,0.60%,0,-0.44
ID,Liver Disease,25,107,279,212,67,31.50%,3.7,0
ID,Motor Vehicle Accidents,-67,45,223,233,-10,-4.20%,-0.5,-0.06
ID,Other External Causes,-51,99,668,643,25,3.80%,1.3,0.47
ID,Other Internal Causes,-128,271,"2,821","2,747",74,2.70%,4.1,0.33
ID,Suicide,-27,69,357,336,21,6.30%,1.2,-0.55
ID,Unknown Disease,-73,55,136,144,-8,-5.60%,-0.4,0.49
IL,All Causes,17934,25510,"109,749","87,982","21,767",24.70%,170.9,0.98
IL,Alzheimers Disease,341,1049,"3,884","3,186",698,21.90%,5.5,0.33
IL,CLRD,-508,240,"4,293","4,423",-130,-2.90%,-1,0.31
IL,COVID-19,,,"15,206",,,,,
IL,Cancer,-619,142,"19,466","19,704",-238,-1.20%,-1.9,0.45
IL,Cardiovascular Disease,998,4349,"29,789","27,100","2,689",9.90%,21.1,0.67
IL,Diabetes,390,801,"2,877","2,279",598,26.30%,4.7,0.59
IL,HIV,-31,70,106,86,20,23.80%,0.2,0.51
IL,Homicide,186,462,"1,156",831,325,39.20%,2.6,0.09
IL,Influenza and Pneumonia,-272,558,"1,855","1,709",146,8.60%,1.2,-0.23
IL,Injury of Undetermined Intent,-59,22,103,121,-18,-14.80%,-0.1,-0.67
IL,Kidney Disease,-68,216,"2,093","2,019",74,3.70%,0.6,0.35
IL,Liver Disease,60,268,"1,348","1,183",165,13.90%,1.3,-0.08
IL,Motor Vehicle Accidents,24,308,"1,088",920,168,18.30%,1.3,-0.33
IL,Other External Causes,-95,585,"4,900","4,652",248,5.30%,1.9,0.56
IL,Other Internal Causes,274,2304,"19,401","18,100","1,301",7.20%,10.2,0.68
IL,Suicide,-203,-13,"1,112","1,219",-107,-8.70%,-0.8,0.17
IL,Unknown Disease,-63,321,"1,072",941,131,13.90%,1,0.17
IN,All Causes,9008,13007,"67,070","56,037","11,033",19.70%,163.1,0.99
IN,Alzheimers Disease,-65,489,"2,353","2,139",214,10.00%,3.2,0.33
IN,CLRD,-526,252,"3,700","3,832",-132,-3.50%,-2,0.19
IN,COVID-19,,,"8,880",,,,,
IN,Cancer,-365,172,"11,332","11,427",-95,-0.80%,-1.4,-0.54
IN,Cardiovascular Disease,-335,1267,"16,692","16,218",474,2.90%,7,-0.1
IN,Diabetes,156,489,"2,083","1,759",324,18.50%,4.8,0.11
IN,HIV,-19,32,70,63,7,10.80%,0.1,-0.41
IN,Homicide,57,186,536,414,122,29.60%,1.8,-0.23
IN,Influenza and Pneumonia,-255,235,782,791,-9,-1.10%,-0.1,0.15
IN,Injury of Undetermined Intent,-47,72,173,160,13,8.10%,0.2,0.32
IN,Kidney Disease,-117,112,"1,210","1,212",-2,-0.20%,0,-0.14
IN,Liver Disease,14,197,955,849,106,12.50%,1.6,-0.2
IN,Motor Vehicle Accidents,-26,218,824,727,97,13.40%,1.4,-0.61
IN,Other External Causes,31,508,"3,181","2,909",272,9.30%,4,0.05
IN,Other Internal Causes,-160,1197,"13,139","12,611",528,4.20%,7.8,0.08
IN,Suicide,-104,57,842,865,-23,-2.60%,-0.3,0.06
IN,Unknown Disease,-136,243,318,263,55,21.00%,0.8,-0.12
KS,All Causes,3319,5413,"26,322","21,943","4,379",20.00%,149.6,0.97
KS,Alzheimers Disease,-21,215,810,712,98,13.80%,3.4,0.22
KS,CLRD,-219,43,"1,308","1,395",-87,-6.20%,-3,-0.31
KS,COVID-19,,,"3,222",,,,,
KS,Cancer,-295,150,"4,408","4,478",-70,-1.60%,-2.4,0.05
KS,Cardiovascular Disease,4,895,"6,681","6,226",455,7.30%,15.5,0.18
KS,Diabetes,109,291,890,689,201,29.20%,6.9,-0.04
KS,HIV,-5,14,23,18,5,27.00%,0.2,-0.27
KS,Homicide,9,77,170,126,44,34.40%,1.5,-0.45
KS,Influenza and Pneumonia,-227,64,329,410,-81,-19.80%,-2.8,-0.34
KS,Injury of Undetermined Intent,-23,15,34,37,-3,-9.00%,-0.1,0.01
KS,Kidney Disease,-93,23,405,440,-35,-7.90%,-1.2,-0.33
KS,Liver Disease,53,128,378,287,91,31.60%,3.1,0.2
KS,Motor Vehicle Accidents,-58,66,381,376,5,1.40%,0.2,-0.13
KS,Other External Causes,49,235,"1,084",941,143,15.20%,4.9,0
KS,Other Internal Causes,62,546,"5,414","5,109",305,6.00%,10.4,0.35
KS,Suicide,-64,63,442,442,0,0.10%,0,0.02
KS,Unknown Disease,-107,122,343,334,9,2.70%,0.3,-0.13
KY,All Causes,4962,7809,"47,105","40,702","6,403",15.70%,142.5,0.88
KY,Alzheimers Disease,-71,184,"1,401","1,343",58,4.30%,1.3,0.25
KY,CLRD,-498,38,"2,601","2,828",-227,-8.00%,-5.1,-0.15
KY,COVID-19,,,"4,158",,,,,
KY,Cancer,-274,304,"8,496","8,478",18,0.20%,0.4,-0.16
KY,Cardiovascular Disease,257,1600,"12,008","11,073",935,8.40%,20.8,-0.39
KY,Diabetes,-254,82,"1,260","1,344",-84,-6.30%,-1.9,0.15
KY,HIV,-16,26,43,38,5,13.90%,0.1,0.29
KY,Homicide,92,210,369,217,152,69.80%,3.4,-0.12
KY,Influenza and Pneumonia,-226,41,649,742,-93,-12.50%,-2.1,-0.43
KY,Injury of Undetermined Intent,-23,28,56,53,3,5.30%,0.1,-0.34
KY,Kidney Disease,-139,-12,758,834,-76,-9.10%,-1.7,0.12
KY,Liver Disease,36,153,759,664,95,14.30%,2.1,-0.35
KY,Motor Vehicle Accidents,7,208,740,632,108,17.20%,2.4,-0.02
KY,Other External Causes,365,784,"2,723","2,146",577,26.90%,12.9,0.12
KY,Other Internal Causes,205,905,"9,829","9,272",557,6.00%,12.4,0.16
KY,Suicide,-95,45,643,667,-24,-3.60%,-0.5,0.2
KY,Unknown Disease,-49,167,612,552,60,10.80%,1.3,-0.25
LA,All Causes,8481,12076,"48,563","38,266","10,297",26.90%,221.2,0.99
LA,Alzheimers Disease,27,443,"2,060","1,823",237,13.00%,5.1,0.79
LA,CLRD,-59,372,"1,911","1,753",158,9.00%,3.4,0.12
LA,COVID-19,,,"6,502",,,,,
LA,Cancer,-420,98,"7,675","7,835",-160,-2.00%,-3.4,-0.04
LA,Cardiovascular Disease,375,1658,"12,894","11,871","1,023",8.60%,22,0.79
LA,Diabetes,121,473,"1,565","1,266",299,23.60%,6.4,0.72
LA,HIV,-33,61,102,88,14,16.40%,0.3,0.58
LA,Homicide,159,323,756,515,241,46.80%,5.2,-0.04
LA,Influenza and Pneumonia,-122,196,601,563,38,6.70%,0.8,0.65
LA,Injury of Undetermined Intent,-6,60,112,84,28,33.00%,0.6,0.31
LA,Kidney Disease,-46,122,898,859,39,4.50%,0.8,0.62
LA,Liver Disease,-23,100,492,453,39,8.60%,0.8,-0.36
LA,Motor Vehicle Accidents,-107,230,731,668,63,9.40%,1.4,-0.34
LA,Other External Causes,272,1119,"2,575","1,874",701,37.40%,15.1,0.3
LA,Other Internal Causes,504,1517,"8,608","7,593","1,015",13.40%,21.8,0.1
LA,Suicide,-107,45,548,578,-30,-5.20%,-0.6,-0.46
LA,Unknown Disease,-278,285,533,527,6,1.10%,0.1,-0.12
MA,All Causes,6747,11453,"58,341","49,217","9,124",18.50%,131.2,0.99
MA,Alzheimers Disease,-111,187,"1,432","1,392",40,2.90%,0.6,0.17
MA,CLRD,-419,-7,"2,022","2,235",-213,-9.50%,-3.1,0.53
MA,COVID-19,,,"9,387",,,,,
MA,Cancer,-902,-142,"10,524","11,041",-517,-4.70%,-7.4,-0.16
MA,Cardiovascular Disease,-508,1206,"12,657","12,298",359,2.90%,5.2,0.8
MA,Diabetes,19,318,"1,309","1,138",171,15.00%,2.5,0.83
MA,HIV,-24,29,44,41,3,6.80%,0,-0.57
MA,Homicide,-30,47,144,135,9,6.70%,0.1,-0.14
MA,Influenza and Pneumonia,-390,350,997,"1,012",-15,-1.50%,-0.2,0.66
MA,Injury of Undetermined Intent,-13,48,80,62,18,28.00%,0.3,-0.42
MA,Kidney Disease,-239,54,"1,002","1,093",-91,-8.30%,-1.3,-0.36
MA,Liver Disease,84,197,832,691,141,20.40%,2,-0.31
MA,Motor Vehicle Accidents,-42,90,318,293,25,8.60%,0.4,-0.21
MA,Other External Causes,-396,185,"3,160","3,263",-103,-3.10%,-1.5,0.7
MA,Other Internal Causes,-840,910,"13,339","13,296",43,0.30%,0.6,0.77
MA,Suicide,-143,15,507,570,-63,-11.10%,-0.9,-0.35
MA,Unknown Disease,-419,151,587,717,-130,-18.20%,-1.9,0.47
MD,All Causes,7504,11099,"50,916","41,593","9,323",22.40%,152.2,0.97
MD,Alzheimers Disease,13,265,989,848,141,16.60%,2.3,0.51
MD,CLRD,-182,129,"1,679","1,705",-26,-1.50%,-0.4,0.39
MD,COVID-19,,,"6,021",,,,,
MD,Cancer,-411,168,"9,005","9,123",-118,-1.30%,-1.9,0.11
MD,Cardiovascular Disease,409,2029,"14,126","12,900","1,226",9.50%,20,0.62
MD,Diabetes,117,372,"1,492","1,246",246,19.70%,4,0.61
MD,HIV,-47,42,148,150,-2,-1.60%,0,-0.05
MD,Homicide,-69,139,545,509,36,7.00%,0.6,0.14
MD,Influenza and Pneumonia,-114,271,713,632,81,12.80%,1.3,-0.13
MD,Injury of Undetermined Intent,-199,309,"1,560","1,503",57,3.80%,0.9,-0.17
MD,Kidney Disease,-136,26,607,662,-55,-8.30%,-0.9,0.02
MD,Liver Disease,84,207,594,448,146,32.50%,2.4,0.18
MD,Motor Vehicle Accidents,-6,161,546,468,78,16.70%,1.3,-0.53
MD,Other External Causes,200,534,"1,944","1,575",369,23.40%,6,0.08
MD,Other Internal Causes,500,1582,"10,341","9,295","1,046",11.30%,17.1,0.61
MD,Suicide,-138,-17,469,546,-77,-14.20%,-1.3,0.27
MD,Unknown Disease,-15,57,137,116,21,18.20%,0.3,0.03
ME,All Causes,-258,1103,"12,991","12,561",430,3.40%,31.7,0.47
ME,Alzheimers Disease,-32,143,499,443,56,12.80%,4.2,0.1
ME,CLRD,-252,-11,690,820,-130,-15.90%,-9.6,0.07
ME,COVID-19,,,409,,,,,
ME,Cancer,-110,168,"2,837","2,807",30,1.10%,2.2,-0.13
ME,Cardiovascular Disease,-122,332,"3,340","3,232",108,3.30%,8,0.16
ME,Diabetes,-28,92,425,393,32,8.30%,2.4,0.02
ME,HIV,-11,2,,,-5,,-0.3,0.03
ME,Homicide,-17,4,16,22,-6,-28.90%,-0.5,-0.44
ME,Influenza and Pneumonia,-104,42,175,206,-31,-14.90%,-2.3,0.01
ME,Injury of Undetermined Intent,-4,14,20,14,6,38.00%,0.4,0.15
ME,Kidney Disease,-54,17,185,203,-18,-8.80%,-1.3,-0.21
ME,Liver Disease,5,69,200,162,38,23.10%,2.8,0.32
ME,Motor Vehicle Accidents,-30,39,162,157,5,3.10%,0.4,-0.02
ME,Other External Causes,-69,112,835,813,22,2.80%,1.7,-0.14
ME,Other Internal Causes,-229,167,"2,959","2,987",-28,-0.90%,-2.1,-0.5
ME,Suicide,-81,7,194,231,-37,-15.90%,-2.7,0.51
ME,Unknown Disease,-104,64,41,60,-19,-32.00%,-1.4,-0.15
MI,All Causes,13762,20469,"98,308","81,151","17,157",21.10%,171,0.98
MI,Alzheimers Disease,63,662,"4,105","3,739",366,9.80%,3.6,0.92
MI,CLRD,-711,-65,"4,463","4,848",-385,-7.90%,-3.8,0.38
MI,COVID-19,,,"11,207",,,,,
MI,Cancer,-498,265,"17,431","17,544",-113,-0.60%,-1.1,-0.13
MI,Cardiovascular Disease,940,3575,"28,966","26,691","2,275",8.50%,22.7,0.85
MI,Diabetes,425,650,"2,826","2,289",537,23.50%,5.4,0.92
MI,HIV,-32,29,61,62,-1,-1.20%,0,0.21
MI,Homicide,121,262,717,525,192,36.70%,1.9,-0.66
MI,Influenza and Pneumonia,-199,311,"1,446","1,389",57,4.10%,0.6,0.59
MI,Injury of Undetermined Intent,-56,49,322,325,-3,-0.90%,0,-0.2
MI,Kidney Disease,-97,174,"1,559","1,518",41,2.70%,0.4,-0.08
MI,Liver Disease,181,368,"1,410","1,134",276,24.30%,2.7,-0.11
MI,Motor Vehicle Accidents,21,238,"1,026",895,131,14.60%,1.3,-0.4
MI,Other External Causes,181,893,"4,273","3,733",540,14.50%,5.4,-0.09
MI,Other Internal Causes,748,2151,"16,775","15,318","1,457",9.50%,14.5,0.83
MI,Suicide,-260,-39,"1,148","1,296",-148,-11.40%,-1.5,0.31
MI,Unknown Disease,-138,326,573,477,96,20.00%,1,0.46
MN,All Causes,4470,7694,"44,077","37,976","6,101",16.10%,107.4,0.96
MN,Alzheimers Disease,-272,198,"2,117","2,152",-35,-1.60%,-0.6,0.75
MN,CLRD,-319,112,"1,773","1,874",-101,-5.40%,-1.8,-0.19
MN,COVID-19,,,"5,111",,,,,
MN,Cancer,-408,-15,"8,362","8,573",-211,-2.50%,-3.7,-0.07
MN,Cardiovascular Disease,-657,548,"9,917","9,965",-48,-0.50%,-0.8,0.39
MN,Diabetes,-19,206,"1,236","1,141",95,8.30%,1.7,0.04
MN,HIV,-15,14,22,22,0,-1.30%,0,0.35
MN,Homicide,34,92,176,113,63,56.10%,1.1,0.28
MN,Influenza and Pneumonia,-347,43,374,526,-152,-28.90%,-2.7,-0.09
MN,Injury of Undetermined Intent,-38,20,51,60,-9,-14.50%,-0.2,0.43
MN,Kidney Disease,-152,66,421,463,-42,-9.00%,-0.7,0.07
MN,Liver Disease,73,215,753,608,145,23.90%,2.6,-0.53
MN,Motor Vehicle Accidents,-3,122,425,365,60,16.50%,1.1,-0.7
MN,Other External Causes,298,657,"2,560","2,080",480,23.10%,8.4,0.43
MN,Other Internal Causes,-132,861,"9,226","8,856",370,4.20%,6.5,0.4
MN,Suicide,-119,28,630,675,-45,-6.70%,-0.8,-0.5
MN,Unknown Disease,-150,186,923,903,20,2.20%,0.4,0.15
MO,All Causes,8795,13688,"64,717","53,441","11,276",21.10%,183.4,0.95
MO,Alzheimers Disease,-130,269,"2,400","2,328",72,3.10%,1.2,0.69
MO,CLRD,-310,358,"3,158","3,130",28,0.90%,0.5,-0.17
MO,COVID-19,,,"7,354",,,,,
MO,Cancer,-258,198,"11,229","11,259",-30,-0.30%,-0.5,0.31
MO,Cardiovascular Disease,347,2283,"17,381","16,053","1,328",8.30%,21.6,0.02
MO,Diabetes,109,376,"1,570","1,325",245,18.50%,4,0.57
MO,HIV,-50,51,54,53,1,1.30%,0,-0.07
MO,Homicide,103,279,747,555,192,34.60%,3.1,0.07
MO,Influenza and Pneumonia,-366,134,926,"1,041",-115,-11.00%,-1.9,0.07
MO,Injury of Undetermined Intent,-14,26,85,79,6,7.00%,0.1,-0.2
MO,Kidney Disease,16,241,"1,439","1,310",129,9.90%,2.1,0.2
MO,Liver Disease,40,201,801,680,121,17.90%,2,-0.11
MO,Motor Vehicle Accidents,-20,233,958,850,108,12.70%,1.8,-0.54
MO,Other External Causes,-96,358,"3,033","2,899",134,4.60%,2.2,0.13
MO,Other Internal Causes,223,1847,"12,099","11,054","1,045",9.50%,17,0.42
MO,Suicide,-115,83,977,992,-15,-1.50%,-0.2,0.06
MO,Unknown Disease,15,154,506,420,86,20.40%,1.4,-0.13
MS,All Causes,6492,8534,"33,791","26,267","7,524",28.60%,253.6,0.98
MS,Alzheimers Disease,177,473,"1,720","1,393",327,23.40%,11,0.6
MS,CLRD,-67,244,"1,798","1,707",91,5.30%,3.1,0.13
MS,COVID-19,,,"4,534",,,,,
MS,Cancer,-62,308,"5,404","5,279",125,2.40%,4.2,0.22
MS,Cardiovascular Disease,596,1655,"9,494","8,364","1,130",13.50%,38.1,0.51
MS,Diabetes,189,405,"1,265",967,298,30.80%,10.1,0.15
MS,HIV,0,48,83,59,24,40.50%,0.8,0.04
MS,Homicide,52,151,456,354,102,28.70%,3.4,0.62
MS,Influenza and Pneumonia,-62,243,718,626,92,14.70%,3.1,0.47
MS,Injury of Undetermined Intent,-17,18,37,36,1,2.00%,0,-0.49
MS,Kidney Disease,-52,64,635,629,6,1.00%,0.2,0.18
MS,Liver Disease,38,116,459,382,77,20.20%,2.6,0.06
MS,Motor Vehicle Accidents,11,222,711,593,118,19.90%,4,0.2
MS,Other External Causes,150,394,"1,170",898,272,30.30%,9.2,-0.01
MS,Other Internal Causes,69,841,"4,722","4,263",459,10.80%,15.5,0.82
MS,Suicide,-58,27,340,355,-15,-4.30%,-0.5,-0.36
MS,Unknown Disease,-80,143,245,212,33,15.40%,1.1,0.26
MT,All Causes,1059,1830,"10,190","8,741","1,449",16.60%,134.2,0.86
MT,Alzheimers Disease,1,88,294,250,44,17.80%,4.1,0.11
MT,CLRD,-139,0,540,609,-69,-11.30%,-6.4,0.4
MT,COVID-19,,,"1,130",,,,,
MT,Cancer,-130,45,"1,759","1,801",-42,-2.40%,-3.9,-0.16
MT,Cardiovascular Disease,-103,224,"2,521","2,458",63,2.50%,5.8,0.12
MT,Diabetes,25,105,297,231,66,28.40%,6.1,0.66
MT,HIV,-4,6,,,1,,0.1,-0.27
MT,Homicide,16,42,59,30,29,97.20%,2.7,0.2
MT,Influenza and Pneumonia,-72,28,99,121,-22,-18.00%,-2,-0.09
MT,Injury of Undetermined Intent,-23,-2,14,27,-13,-47.70%,-1.2,0.45
MT,Kidney Disease,-19,31,122,116,6,5.30%,0.6,-0.16
MT,Liver Disease,13,70,195,153,42,27.20%,3.9,-0.1
MT,Motor Vehicle Accidents,-11,74,213,181,32,17.70%,3,-0.04
MT,Other External Causes,13,119,472,405,67,16.40%,6.2,0.16
MT,Other Internal Causes,-16,293,"2,171","2,031",140,6.90%,13,0.18
MT,Suicide,-64,20,240,261,-21,-8.20%,-2,-0.23
MT,Unknown Disease,-38,33,60,62,-2,-3.50%,-0.2,-0.15
NC,All Causes,10638,16664,"93,055","79,381","13,674",17.20%,130.6,0.83
NC,Alzheimers Disease,-179,468,"3,905","3,757",148,3.90%,1.4,0.57
NC,CLRD,-608,156,"4,136","4,356",-220,-5.10%,-2.1,-0.26
NC,COVID-19,,,"7,930",,,,,
NC,Cancer,-562,200,"16,764","16,941",-177,-1.00%,-1.7,-0.2
NC,Cardiovascular Disease,799,3414,"23,620","21,502","2,118",9.80%,20.2,0.07
NC,Diabetes,313,705,"3,051","2,540",511,20.10%,4.9,0.17
NC,HIV,-5,71,152,119,33,28.10%,0.3,0.73
NC,Homicide,80,277,767,587,180,30.60%,1.7,-0.19
NC,Influenza and Pneumonia,-527,86,"1,337","1,557",-220,-14.10%,-2.1,-0.09
NC,Injury of Undetermined Intent,-21,29,59,55,4,7.90%,0,-0.15
NC,Kidney Disease,-126,173,"1,744","1,719",25,1.50%,0.2,-0.46
NC,Liver Disease,19,260,"1,379","1,238",141,11.40%,1.3,-0.39
NC,Motor Vehicle Accidents,-74,303,"1,540","1,423",117,8.20%,1.1,0.17
NC,Other External Causes,476,1034,"4,944","4,186",758,18.10%,7.2,-0.17
NC,Other Internal Causes,1017,2399,"19,525","17,807","1,718",9.60%,16.4,0.13
NC,Suicide,-60,156,"1,199","1,149",50,4.30%,0.5,-0.14
NC,Unknown Disease,21,550,"1,003",715,288,40.40%,2.8,0.51
ND,All Causes,1020,1735,"7,543","6,160","1,383",22.40%,178.9,0.94
ND,Alzheimers Disease,-58,57,339,339,0,-0.10%,0,0.11
ND,CLRD,-62,39,297,308,-11,-3.50%,-1.4,-0.34
ND,COVID-19,,,"1,368",,,,,
ND,Cancer,-134,87,"1,148","1,170",-22,-1.90%,-2.9,-0.49
ND,Cardiovascular Disease,-186,148,"1,705","1,722",-17,-1.00%,-2.2,0.35
ND,Diabetes,-12,66,195,168,27,16.30%,3.5,0.51
ND,HIV,-2,3,,,0,,0.1,0.01
ND,Homicide,8,27,36,18,18,97.80%,2.3,-0.24
ND,Influenza and Pneumonia,-50,46,144,146,-2,-1.50%,-0.3,-0.17
ND,Injury of Undetermined Intent,-16,4,12,18,-6,-32.80%,-0.8,-0.44
ND,Kidney Disease,-32,33,103,102,1,0.90%,0.1,0.37
ND,Liver Disease,-6,52,146,123,23,19.10%,3,0.05
ND,Motor Vehicle Accidents,-36,55,118,108,10,9.50%,1.3,0.41
ND,Other External Causes,-46,58,319,312,7,2.20%,0.9,-0.45
ND,Other Internal Causes,-125,182,"1,431","1,400",31,2.20%,4,0.16
ND,Suicide,-37,20,121,130,-9,-6.70%,-1.1,-0.18
ND,Unknown Disease,-81,11,58,92,-34,-37.20%,-4.4,0.33
NE,All Causes,1945,3165,"16,752","14,188","2,564",18.10%,131.5,0.94
NE,Alzheimers Disease,6,163,689,603,86,14.20%,4.4,-0.06
NE,CLRD,-164,77,875,917,-42,-4.60%,-2.1,0.59
NE,COVID-19,,,"2,016",,,,,
NE,Cancer,-176,88,"2,981","3,024",-43,-1.40%,-2.2,0.23
NE,Cardiovascular Disease,-50,507,"4,093","3,861",232,6.00%,11.9,0.31
NE,Diabetes,4,122,532,469,63,13.60%,3.3,0.03
NE,HIV,-10,10,10,10,0,0.50%,0,0.44
NE,Homicide,7,48,72,45,27,61.40%,1.4,0.07
NE,Influenza and Pneumonia,-118,35,224,265,-41,-15.60%,-2.1,0.54
NE,Injury of Undetermined Intent,-9,16,19,15,4,23.60%,0.2,-0.16
NE,Kidney Disease,-64,26,197,215,-18,-8.50%,-0.9,0.23
NE,Liver Disease,10,74,248,205,43,20.70%,2.2,0.1
NE,Motor Vehicle Accidents,-60,27,221,237,-16,-6.70%,-0.8,-0.27
NE,Other External Causes,23,153,602,513,89,17.30%,4.5,-0.57
NE,Other Internal Causes,-107,460,"3,511","3,331",180,5.40%,9.3,0.16
NE,Suicide,-36,47,247,241,6,2.50%,0.3,0.48
NE,Unknown Disease,-83,120,215,195,20,10.40%,1,0.63
NH,All Causes,473,1471,"11,381","10,403",978,9.40%,71.3,0.74
NH,Alzheimers Disease,-40,81,426,405,21,5.30%,1.5,0.3
NH,CLRD,-198,-48,499,621,-122,-19.70%,-8.9,0.12
NH,COVID-19,,,731,,,,,
NH,Cancer,-109,110,"2,278","2,277",1,0.10%,0.1,-0.29
NH,Cardiovascular Disease,-54,328,"2,995","2,855",140,4.90%,10.2,-0.51
NH,Diabetes,-8,76,314,280,34,12.20%,2.5,-0.1
NH,HIV,-6,6,,,0,,0,0.36
NH,Homicide,-13,5,13,17,-4,-23.80%,-0.3,0.33
NH,Influenza and Pneumonia,-95,22,130,166,-36,-21.90%,-2.7,-0.54
NH,Injury of Undetermined Intent,-12,3,,,-5,,-0.3,-0.26
NH,Kidney Disease,-27,18,138,143,-5,-3.30%,-0.3,-0.08
NH,Liver Disease,-32,33,159,158,1,0.80%,0.1,0.17
NH,Motor Vehicle Accidents,-50,20,100,115,-15,-13.10%,-1.1,-0.58
NH,Other External Causes,-91,87,685,686,-1,-0.10%,-0.1,0.14
NH,Other Internal Causes,32,352,"2,593","2,399",194,8.10%,14.1,-0.06
NH,Suicide,-55,27,203,216,-13,-6.10%,-1,0.04
NH,Unknown Disease,-39,77,103,83,20,23.40%,1.4,0.27
NJ,All Causes,17343,23571,"82,392","61,900","20,492",33.10%,224.9,1
NJ,Alzheimers Disease,-58,563,"2,272","2,017",255,12.60%,2.8,0.97
NJ,CLRD,-426,76,"2,405","2,579",-174,-6.70%,-1.9,0.9
NJ,COVID-19,,,"16,658",,,,,
NJ,Cancer,-901,-248,"12,763","13,335",-572,-4.30%,-6.3,0.61
NJ,Cardiovascular Disease,411,3587,"20,813","18,802","2,011",10.70%,22.1,0.97
NJ,Diabetes,429,777,"2,108","1,503",605,40.30%,6.6,0.99
NJ,HIV,-46,50,114,111,3,2.50%,0,0.61
NJ,Homicide,-1,121,301,240,61,25.30%,0.7,0.2
NJ,Influenza and Pneumonia,128,665,"1,389",990,399,40.30%,4.4,0.88
NJ,Injury of Undetermined Intent,-20,25,54,51,3,4.90%,0,-0.07
NJ,Kidney Disease,-148,172,"1,385","1,371",14,1.00%,0.2,0.62
NJ,Liver Disease,43,194,831,712,119,16.70%,1.3,0.4
NJ,Motor Vehicle Accidents,-101,97,525,526,-1,-0.10%,0,-0.57
NJ,Other External Causes,-657,201,"3,481","3,705",-224,-6.00%,-2.5,-0.39
NJ,Other Internal Causes,42,2251,"15,690","14,535","1,155",7.90%,12.7,0.96
NJ,Suicide,-186,-35,556,666,-110,-16.50%,-1.2,0.37
NJ,Unknown Disease,-374,566,"1,047",946,101,10.70%,1.1,0.96
NM,All Causes,3407,4546,"19,743","15,758","3,985",25.30%,188.8,0.96
NM,Alzheimers Disease,82,232,612,454,158,34.70%,7.5,-0.02
NM,CLRD,-84,107,900,887,13,1.40%,0.6,0.38
NM,COVID-19,,,"2,715",,,,,
NM,Cancer,-119,163,"2,964","2,941",23,0.80%,1.1,-0.43
NM,Cardiovascular Disease,-38,568,"4,449","4,181",268,6.40%,12.7,-0.16
NM,Diabetes,92,192,670,528,142,26.80%,6.7,-0.29
NM,HIV,-18,9,15,19,-4,-23.00%,-0.2,0.11
NM,Homicide,-47,42,187,189,-2,-1.00%,-0.1,0.3
NM,Influenza and Pneumonia,-82,69,247,253,-6,-2.50%,-0.3,-0.17
NM,Injury of Undetermined Intent,-20,21,32,32,0,1.30%,0,-0.01
NM,Kidney Disease,-11,67,276,248,28,11.40%,1.3,-0.06
NM,Liver Disease,94,236,623,457,166,36.30%,7.9,-0.14
NM,Motor Vehicle Accidents,-185,33,349,424,-75,-17.80%,-3.6,0.03
NM,Other External Causes,32,300,"1,247","1,079",168,15.60%,8,0.12
NM,Other Internal Causes,280,644,"3,871","3,407",464,13.60%,22,0.4
NM,Suicide,-51,64,439,432,7,1.70%,0.3,0.12
NM,Unknown Disease,16,78,147,100,47,47.60%,2.2,0.46
NV,All Causes,3567,5518,"26,636","22,084","4,552",20.60%,146.6,0.96
NV,Alzheimers Disease,10,288,792,641,151,23.50%,4.9,0.13
NV,CLRD,-325,67,"1,330","1,457",-127,-8.70%,-4.1,0.2
NV,COVID-19,,,"3,298",,,,,
NV,Cancer,-183,236,"4,547","4,519",28,0.60%,0.9,-0.18
NV,Cardiovascular Disease,-234,936,"7,877","7,520",357,4.70%,11.5,0.6
NV,Diabetes,-99,111,775,768,7,0.90%,0.2,0.51
NV,HIV,-36,10,45,58,-13,-22.10%,-0.4,0.45
NV,Homicide,-27,121,200,152,48,31.50%,1.5,-0.52
NV,Influenza and Pneumonia,-159,82,403,440,-37,-8.40%,-1.2,-0.26
NV,Injury of Undetermined Intent,-4,23,46,36,10,27.00%,0.3,0.65
NV,Kidney Disease,-10,128,284,224,60,26.90%,1.9,0.17
NV,Liver Disease,-6,123,491,432,59,13.80%,1.9,-0.51
NV,Motor Vehicle Accidents,-105,99,329,331,-2,-0.60%,-0.1,0.12
NV,Other External Causes,113,392,"1,414","1,160",254,21.90%,8.2,0.2
NV,Other Internal Causes,30,545,"4,021","3,730",291,7.80%,9.4,0.27
NV,Suicide,-113,-18,515,580,-65,-11.30%,-2.1,0.18
NV,Unknown Disease,-144,260,269,210,59,28.30%,1.9,0.56
NY,All Causes,38911,50074,"173,923","129,374","44,549",34.40%,224.5,1
NY,Alzheimers Disease,-266,293,"3,137","3,120",17,0.50%,0.1,0.9
NY,CLRD,-1056,706,"5,257","5,427",-170,-3.10%,-0.9,0.8
NY,COVID-19,,,"35,433",,,,,
NY,Cancer,-2035,-822,"27,178","28,599","-1,421",-5.00%,-7.2,0.01
NY,Cardiovascular Disease,3419,9014,"49,563","43,313","6,250",14.40%,31.5,0.98
NY,Diabetes,552,1114,"4,593","3,757",836,22.30%,4.2,0.94
NY,HIV,-29,205,345,256,89,35.00%,0.5,0.19
NY,Homicide,191,355,782,508,274,54.00%,1.4,0.12
NY,Influenza and Pneumonia,-436,983,"3,725","3,444",281,8.20%,1.4,0.77
NY,Injury of Undetermined Intent,-3,155,360,283,77,27.30%,0.4,0.2
NY,Kidney Disease,-185,165,"2,121","2,128",-7,-0.30%,0,0.81
NY,Liver Disease,67,301,"1,580","1,395",185,13.30%,0.9,-0.53
NY,Motor Vehicle Accidents,-83,177,978,930,48,5.20%,0.2,-0.31
NY,Other External Causes,204,1129,"6,624","5,953",671,11.30%,3.4,-0.41
NY,Other Internal Causes,1083,3331,"28,792","26,570","2,222",8.40%,11.2,0.94
NY,Suicide,-228,10,"1,389","1,496",-107,-7.10%,-0.5,-0.77
NY,Unknown Disease,-673,639,"2,066","2,078",-12,-0.60%,-0.1,0.9
OH,All Causes,15854,24928,"122,300","101,844","20,456",20.10%,174,0.99
OH,Alzheimers Disease,467,1430,"5,109","4,156",953,22.90%,8.1,0.53
OH,CLRD,-729,323,"5,653","5,850",-197,-3.40%,-1.7,-0.4
OH,COVID-19,,,"13,621",,,,,
OH,Cancer,-912,-277,"20,807","21,402",-595,-2.80%,-5.1,-0.23
OH,Cardiovascular Disease,275,3810,"33,504","31,448","2,056",6.50%,17.5,0.61
OH,Diabetes,433,865,"3,724","3,073",651,21.20%,5.5,0.63
OH,HIV,-37,23,80,87,-7,-7.60%,-0.1,-0.07
OH,Homicide,156,349,888,634,254,40.00%,2.2,-0.46
OH,Influenza and Pneumonia,-577,277,"1,578","1,726",-148,-8.60%,-1.3,0.21
OH,Injury of Undetermined Intent,-34,30,86,88,-2,-1.70%,0,-0.44
OH,Kidney Disease,-152,220,"1,807","1,770",37,2.10%,0.3,0.23
OH,Liver Disease,78,213,"1,527","1,381",146,10.60%,1.2,-0.42
OH,Motor Vehicle Accidents,-62,261,"1,197","1,095",102,9.30%,0.9,-0.16
OH,Other External Causes,89,1791,"7,108","6,163",945,15.30%,8,0.01
OH,Other Internal Causes,183,2093,"22,829","21,680","1,149",5.30%,9.8,0.36
OH,Suicide,-285,78,"1,372","1,473",-101,-6.90%,-0.9,-0.12
OH,Unknown Disease,-608,1043,"1,410","1,186",224,18.90%,1.9,0.22
OK,All Causes,5467,8201,"39,307","32,459","6,848",21.10%,172.8,0.93
OK,Alzheimers Disease,-160,185,"1,474","1,459",15,1.00%,0.4,-0.17
OK,CLRD,-236,251,"2,309","2,299",10,0.50%,0.3,-0.36
OK,COVID-19,,,"4,549",,,,,
OK,Cancer,-133,209,"6,836","6,798",38,0.60%,1,-0.57
OK,Cardiovascular Disease,93,1601,"11,630","10,775",855,7.90%,21.6,0.19
OK,Diabetes,134,367,"1,276","1,024",252,24.60%,6.3,0.38
OK,HIV,-18,32,58,50,8,15.00%,0.2,0.11
OK,Homicide,-52,54,286,285,1,0.50%,0,-0.23
OK,Influenza and Pneumonia,-186,235,466,439,27,6.20%,0.7,-0.2
OK,Injury of Undetermined Intent,-28,25,60,61,-1,-2.30%,0,-0.17
OK,Kidney Disease,-52,116,408,375,33,8.70%,0.8,-0.06
OK,Liver Disease,9,137,635,561,74,13.20%,1.9,-0.33
OK,Motor Vehicle Accidents,-68,87,622,612,10,1.70%,0.3,-0.17
OK,Other External Causes,-4,309,"1,673","1,518",155,10.20%,3.9,-0.38
OK,Other Internal Causes,-5,907,"6,130","5,674",456,8.00%,11.5,0.26
OK,Suicide,-68,115,731,707,24,3.50%,0.6,-0.16
OK,Unknown Disease,-155,218,164,130,34,26.00%,0.9,0.33
OR,All Causes,1888,3971,"33,859","30,916","2,943",9.50%,69.5,0.84
OR,Alzheimers Disease,-192,118,"1,658","1,693",-35,-2.10%,-0.8,0.3
OR,CLRD,-274,-12,"1,576","1,718",-142,-8.30%,-3.4,-0.28
OR,COVID-19,,,"1,400",,,,,
OR,Cancer,-291,88,"6,891","6,993",-102,-1.50%,-2.4,0.55
OR,Cardiovascular Disease,87,1211,"8,959","8,305",654,7.90%,15.5,0.16
OR,Diabetes,7,167,"1,128","1,041",87,8.40%,2.1,0.29
OR,HIV,-7,26,41,31,10,31.00%,0.2,0
OR,Homicide,20,63,145,104,41,39.80%,1,0.35
OR,Influenza and Pneumonia,-232,72,280,359,-79,-21.90%,-1.9,-0.58
OR,Injury of Undetermined Intent,5,56,63,32,31,98.00%,0.7,-0.04
OR,Kidney Disease,-68,47,319,329,-10,-3.00%,-0.2,-0.08
OR,Liver Disease,77,219,723,574,149,25.90%,3.5,-0.08
OR,Motor Vehicle Accidents,-36,117,491,450,41,9.20%,1,-0.51
OR,Other External Causes,72,319,"1,709","1,512",197,13.00%,4.7,0.24
OR,Other Internal Causes,-84,766,"7,264","6,919",345,5.00%,8.2,0.24
OR,Suicide,-105,48,717,745,-28,-3.70%,-0.7,-0.37
OR,Unknown Disease,-9,225,495,386,109,28.20%,2.6,-0.25
PA,All Causes,16004,26045,"132,625","111,547","21,078",18.90%,163.2,0.99
PA,Alzheimers Disease,247,1160,"3,870","3,162",708,22.40%,5.5,0.58
PA,CLRD,-866,122,"4,900","5,268",-368,-7.00%,-2.8,-0.06
PA,COVID-19,,,"16,733",,,,,
PA,Cancer,-1257,-58,"23,217","23,867",-650,-2.70%,-5,0.36
PA,Cardiovascular Disease,-483,5034,"35,264","32,970","2,294",7.00%,17.8,0.79
PA,Diabetes,403,815,"3,595","2,983",612,20.50%,4.7,0.73
PA,HIV,-3,76,105,69,36,53.00%,0.3,0.16
PA,Homicide,136,294,883,667,216,32.30%,1.7,-0.35
PA,Influenza and Pneumonia,-713,171,"1,801","2,071",-270,-13.00%,-2.1,-0.23
PA,Injury of Undetermined Intent,-58,4,117,144,-27,-18.50%,-0.2,-0.55
PA,Kidney Disease,-205,230,"2,436","2,421",15,0.60%,0.1,0.41
PA,Liver Disease,24,248,"1,407","1,270",137,10.80%,1.1,-0.03
PA,Motor Vehicle Accidents,-30,195,"1,076",992,84,8.40%,0.6,-0.52
PA,Other External Causes,-82,1342,"7,403","6,767",636,9.40%,4.9,0.46
PA,Other Internal Causes,179,3061,"26,310","24,673","1,637",6.60%,12.7,0.83
PA,Suicide,-406,-161,"1,425","1,707",-282,-16.50%,-2.2,-0.21
PA,Unknown Disease,-360,365,"2,083","2,077",6,0.30%,0.1,0.27
R1,All Causes,95568,128711,"586,357","474,070","112,287",23.70%,173.7,0.99
R1,Alzheimers Disease,518,3348,"14,698","12,753","1,945",15.30%,3,0.96
R1,CLRD,-3170,168,"19,600","21,085","-1,485",-7.00%,-2.3,0.72
R1,COVID-19,,,"94,903",,,,,
R1,Cancer,-4407,-1873,"99,116","102,242","-3,126",-3.10%,-4.8,0.28
R1,Cardiovascular Disease,3633,23376,"154,739","141,155","13,584",9.60%,21,0.93
R1,Diabetes,1987,3575,"15,377","12,590","2,787",22.10%,4.3,0.96
R1,HIV,-66,451,888,694,194,28.00%,0.3,0.5
R1,Homicide,379,875,"3,115","2,485",630,25.30%,1,-0.23
R1,Influenza and Pneumonia,-1758,2608,"9,621","9,167",454,5.00%,0.7,0.68
R1,Injury of Undetermined Intent,-159,446,"2,262","2,116",146,6.90%,0.2,-0.44
R1,Kidney Disease,-657,531,"8,661","8,716",-55,-0.60%,-0.1,0.75
R1,Liver Disease,587,1175,"6,489","5,605",884,15.80%,1.4,-0.07
R1,Motor Vehicle Accidents,-35,666,"4,274","3,955",319,8.10%,0.5,-0.71
R1,Other External Causes,-299,3371,"28,103","26,553","1,550",5.80%,2.4,0.27
R1,Other Internal Causes,2159,13900,"112,668","104,593","8,075",7.70%,12.5,0.94
R1,Suicide,-1150,-546,"5,369","6,212",-843,-13.60%,-1.3,-0.7
R1,Unknown Disease,-739,969,"6,474","6,350",124,2.00%,0.2,0.84
R2,All Causes,175323,234676,"1,158,758","953,374","205,384",21.50%,160.9,0.97
R2,Alzheimers Disease,2477,10047,"46,701","40,410","6,291",15.60%,4.9,0.8
R2,CLRD,-4276,3656,"53,652","53,910",-258,-0.50%,-0.2,0.26
R2,COVID-19,,,"128,704",,,,,
R2,Cancer,-1608,3350,"199,149","198,251",898,0.50%,0.7,0.12
R2,Cardiovascular Disease,13033,39866,"309,172","282,621","26,551",9.40%,20.8,0.68
R2,Diabetes,4330,7249,"36,088","30,282","5,806",19.20%,4.5,0.86
R2,HIV,16,644,"2,206","1,873",333,17.80%,0.3,0.2
R2,Homicide,930,2265,"10,211","8,607","1,604",18.60%,1.3,-0.36
R2,Influenza and Pneumonia,-2417,3675,"15,774","15,132",642,4.20%,0.5,0.24
R2,Injury of Undetermined Intent,10,321,"1,326","1,159",167,14.40%,0.1,-0.3
R2,Kidney Disease,-287,1578,"18,458","17,806",652,3.70%,0.5,0.23
R2,Liver Disease,1974,3052,"18,936","16,418","2,518",15.30%,2,-0.31
R2,Motor Vehicle Accidents,-977,1962,"18,423","17,919",504,2.80%,0.4,-0.33
R2,Other External Causes,6688,11116,"56,432","47,512","8,920",18.80%,7,0.35
R2,Other Internal Causes,12987,27286,"215,390","195,164","20,226",10.40%,15.8,0.75
R2,Suicide,-1435,-92,"16,401","17,156",-755,-4.40%,-0.6,-0.35
R2,Unknown Disease,-1797,4086,"11,735","10,567","1,168",11.10%,0.9,0.39
R3,All Causes,88180,125371,"685,193","578,167","107,026",18.50%,118,0.97
R3,Alzheimers Disease,141,4315,"33,699","31,454","2,245",7.10%,2.5,0.6
R3,CLRD,-3326,354,"29,372","30,842","-1,470",-4.80%,-1.6,-0.28
R3,COVID-19,,,"73,572",,,,,
R3,Cancer,-1734,1140,"124,697","124,980",-283,-0.20%,-0.3,0.39
R3,Cardiovascular Disease,3530,19451,"182,578","171,022","11,556",6.80%,12.7,0.54
R3,Diabetes,2107,4084,"21,909","18,805","3,104",16.50%,3.4,0.79
R3,HIV,-23,245,829,716,113,15.70%,0.1,0.02
R3,Homicide,790,1466,"4,613","3,481","1,132",32.50%,1.2,-0.14
R3,Influenza and Pneumonia,-3579,1436,"9,255","10,304","-1,049",-10.20%,-1.2,-0.23
R3,Injury of Undetermined Intent,-50,225,833,744,89,12.00%,0.1,-0.14
R3,Kidney Disease,-558,619,"8,716","8,680",36,0.40%,0,0.38
R3,Liver Disease,1279,2123,"12,536","10,831","1,705",15.70%,1.9,-0.34
R3,Motor Vehicle Accidents,-333,1073,"9,368","8,991",377,4.20%,0.4,-0.43
R3,Other External Causes,3588,5459,"33,780","29,245","4,535",15.50%,5,0.25
R3,Other Internal Causes,2499,13317,"122,017","114,068","7,949",7.00%,8.8,0.15
R3,Suicide,-1133,-42,"11,442","12,026",-584,-4.90%,-0.6,-0.31
R3,Unknown Disease,-59,1676,"5,977","5,162",815,15.80%,0.9,0.03
R4,All Causes,62957,92364,"450,303","372,522","77,781",20.90%,164.9,0.98
R4,Alzheimers Disease,823,3500,"17,623","15,446","2,177",14.10%,4.6,0.7
R4,CLRD,-2527,1001,"20,353","21,095",-742,-3.50%,-1.6,0.18
R4,COVID-19,,,"54,332",,,,,
R4,Cancer,-1545,293,"78,744","79,361",-617,-0.80%,-1.3,-0.29
R4,Cardiovascular Disease,1967,13974,"122,684","114,657","8,027",7.00%,17,0.69
R4,Diabetes,1558,2678,"12,923","10,800","2,123",19.70%,4.5,0.69
R4,HIV,-39,109,344,308,36,11.60%,0.1,0.09
R4,Homicide,635,1156,"3,576","2,679",897,33.50%,1.9,-0.44
R4,Influenza and Pneumonia,-1767,897,"6,212","6,644",-432,-6.50%,-0.9,-0.05
R4,Injury of Undetermined Intent,-80,108,740,724,16,2.10%,0,0.03
R4,Kidney Disease,-470,489,"7,373","7,358",15,0.20%,0,0.12
R4,Liver Disease,485,1023,"5,970","5,213",757,14.50%,1.6,-0.34
R4,Motor Vehicle Accidents,150,1032,"4,740","4,145",595,14.40%,1.3,-0.72
R4,Other External Causes,526,3197,"22,884","21,012","1,872",8.90%,4,0.07
R4,Other Internal Causes,1652,7607,"83,012","78,341","4,671",6.00%,9.9,0.66
R4,Suicide,-778,-56,"5,201","5,615",-414,-7.40%,-0.9,-0.14
R4,Unknown Disease,-1173,2002,"3,592","3,163",429,13.60%,0.9,0.33
RI,All Causes,973,1920,"10,343","8,890","1,453",16.30%,134.5,0.97
RI,Alzheimers Disease,-26,93,440,406,34,8.40%,3.2,0.78
RI,CLRD,-112,19,369,415,-46,-11.10%,-4.3,-0.7
RI,COVID-19,,,"1,620",,,,,
RI,Cancer,-256,-61,"1,808","1,967",-159,-8.10%,-14.7,0.07
RI,Cardiovascular Disease,-403,201,"2,506","2,605",-99,-3.80%,-9.1,0
RI,Diabetes,-60,51,270,274,-4,-1.40%,-0.4,0
RI,HIV,-4,8,,,2,,0.2,-0.06
RI,Homicide,-8,14,27,24,3,13.50%,0.3,-0.08
RI,Influenza and Pneumonia,-87,27,104,134,-30,-22.30%,-2.8,-0.15
RI,Injury of Undetermined Intent,-29,32,14,12,2,16.90%,0.2,0.44
RI,Kidney Disease,-64,6,109,138,-29,-21.00%,-2.7,0.2
RI,Liver Disease,-18,36,143,134,9,7.00%,0.9,0.08
RI,Motor Vehicle Accidents,-16,29,86,79,7,8.50%,0.6,-0.09
RI,Other External Causes,-43,91,641,616,25,4.00%,2.3,0.28
RI,Other Internal Causes,-135,246,"2,068","2,010",58,2.90%,5.4,0.22
RI,Suicide,-59,-9,84,118,-34,-28.80%,-3.1,-0.42
RI,Unknown Disease,-25,20,46,48,-2,-5.00%,-0.2,0.36
SC,All Causes,8180,10929,"51,268","41,695","9,573",23.00%,186.1,0.94
SC,Alzheimers Disease,-35,556,"2,159","1,896",263,13.90%,5.1,0.47
SC,CLRD,-246,140,"2,423","2,474",-51,-2.10%,-1,-0.18
SC,COVID-19,,,"5,177",,,,,
SC,Cancer,141,426,"8,845","8,560",285,3.30%,5.5,0.19
SC,Cardiovascular Disease,598,1881,"12,716","11,470","1,246",10.90%,24.2,0.58
SC,Diabetes,140,428,"1,620","1,334",286,21.40%,5.6,0.45
SC,HIV,-25,69,99,76,23,29.60%,0.4,-0.29
SC,Homicide,-19,121,518,466,52,11.20%,1,-0.37
SC,Influenza and Pneumonia,-196,82,536,594,-58,-9.70%,-1.1,-0.04
SC,Injury of Undetermined Intent,-22,3,27,36,-9,-26.00%,-0.2,-0.13
SC,Kidney Disease,-82,93,805,798,7,0.80%,0.1,0.34
SC,Liver Disease,99,226,851,688,163,23.70%,3.2,0.6
SC,Motor Vehicle Accidents,-9,255,987,862,125,14.50%,2.4,-0.54
SC,Other External Causes,469,740,"2,689","2,083",606,29.10%,11.8,-0.14
SC,Other Internal Causes,911,1777,"10,730","9,380","1,350",14.40%,26.2,0.64
SC,Suicide,-80,79,704,703,1,0.10%,0,0.11
SC,Unknown Disease,-144,113,382,396,-14,-3.60%,-0.3,0.12
SD,All Causes,1480,2171,"8,703","6,872","1,831",26.60%,206.3,0.98
SD,Alzheimers Disease,-43,81,408,388,20,5.10%,2.3,0.62
SD,CLRD,-111,18,358,404,-46,-11.40%,-5.2,0.21
SD,COVID-19,,,"1,589",,,,,
SD,Cancer,-82,98,"1,468","1,459",9,0.60%,1,0.2
SD,Cardiovascular Disease,-105,216,"2,032","1,975",57,2.90%,6.5,0.17
SD,Diabetes,20,104,286,224,62,27.70%,7,0.18
SD,HIV,-9,2,,,-4,,-0.4,-0.33
SD,Homicide,2,28,43,28,15,55.90%,1.7,0.21
SD,Influenza and Pneumonia,-103,4,109,159,-50,-31.30%,-5.6,0.74
SD,Injury of Undetermined Intent,-9,5,,,-2,,-0.2,-0.11
SD,Kidney Disease,-27,19,60,64,-4,-6.50%,-0.5,0.55
SD,Liver Disease,38,91,209,144,65,45.10%,7.3,0.39
SD,Motor Vehicle Accidents,-28,55,156,142,14,10.00%,1.6,-0.09
SD,Other External Causes,-60,72,357,350,7,1.90%,0.8,0.49
SD,Other Internal Causes,-22,235,"1,426","1,318",108,8.20%,12.2,0.56
SD,Suicide,-5,57,174,148,26,17.70%,2.9,0.05
SD,Unknown Disease,-19,8,20,25,-5,-21.40%,-0.6,0.08
TN,All Causes,9385,13368,"74,954","63,555","11,399",17.90%,165.5,0.85
TN,Alzheimers Disease,32,683,"3,073","2,712",361,13.30%,5.2,0.43
TN,CLRD,-477,194,"3,758","3,895",-137,-3.50%,-2,-0.53
TN,COVID-19,,,"7,282",,,,,
TN,Cancer,-585,86,"12,418","12,664",-246,-1.90%,-3.6,-0.46
TN,Cardiovascular Disease,655,2615,"20,384","18,741","1,643",8.80%,23.9,0.28
TN,Diabetes,221,555,"2,256","1,866",390,20.90%,5.7,0.27
TN,HIV,-5,73,114,80,34,43.20%,0.5,0.4
TN,Homicide,85,249,711,543,168,31.00%,2.4,0.47
TN,Influenza and Pneumonia,-322,198,"1,247","1,309",-62,-4.70%,-0.9,-0.26
TN,Injury of Undetermined Intent,-27,50,118,106,12,11.70%,0.2,-0.36
TN,Kidney Disease,-166,83,906,946,-40,-4.20%,-0.6,0.42
TN,Liver Disease,114,271,"1,216","1,023",193,18.90%,2.8,-0.49
TN,Motor Vehicle Accidents,-107,208,"1,246","1,193",53,4.40%,0.8,0
TN,Other External Causes,677,1108,"4,520","3,624",896,24.70%,13,-0.41
TN,Other Internal Causes,156,1089,"13,952","13,324",628,4.70%,9.1,0.33
TN,Suicide,-105,84,"1,049","1,059",-10,-0.90%,-0.1,-0.46
TN,Unknown Disease,-307,294,704,707,-3,-0.40%,0,0.15
TX,All Causes,40252,52339,"217,021","170,648","46,373",27.20%,159.2,0.98
TX,Alzheimers Disease,927,2924,"10,213","8,281","1,932",23.30%,6.6,0.8
TX,CLRD,-854,490,"8,498","8,674",-176,-2.00%,-0.6,0.62
TX,COVID-19,,,"31,387",,,,,
TX,Cancer,-1195,358,"35,402","35,813",-411,-1.10%,-1.4,-0.34
TX,Cardiovascular Disease,2528,8212,"55,857","50,460","5,397",10.70%,18.5,0.73
TX,Diabetes,661,1659,"6,795","5,631","1,164",20.70%,4,0.81
TX,HIV,-58,136,429,389,40,10.40%,0.1,0.48
TX,Homicide,139,530,"1,924","1,587",337,21.20%,1.2,0.23
TX,Influenza and Pneumonia,-420,1056,"2,746","2,422",324,13.40%,1.1,0.29
TX,Injury of Undetermined Intent,-14,82,266,231,35,15.00%,0.1,-0.12
TX,Kidney Disease,-32,742,"3,753","3,394",359,10.60%,1.2,0.36
TX,Liver Disease,316,666,"4,262","3,769",493,13.10%,1.7,-0.17
TX,Motor Vehicle Accidents,-284,353,"3,536","3,498",38,1.10%,0.1,-0.04
TX,Other External Causes,723,1725,"8,181","6,952","1,229",17.70%,4.2,0.46
TX,Other Internal Causes,1808,5634,"39,111","35,370","3,741",10.60%,12.8,0.55
TX,Suicide,-300,37,"3,277","3,407",-130,-3.80%,-0.4,-0.16
TX,Unknown Disease,-913,869,"1,384","1,398",-14,-1.00%,0,0.38
US,All Causes,425749,579883,"2,880,611","2,376,861","503,749",21.20%,152.6,0.99
US,Alzheimers Disease,4551,20362,"112,721","100,210","12,511",12.50%,3.8,0.89
US,CLRD,-12962,5183,"122,977","126,770","-3,793",-3.00%,-1.1,0.16
US,COVID-19,,,"351,511",,,,,
US,Cancer,-6556,3166,"501,706","503,347","-1,641",-0.30%,-0.5,0.11
US,Cardiovascular Disease,26555,97757,"769,173","706,710","62,463",8.80%,18.9,0.82
US,Diabetes,10423,16989,"86,297","72,567","13,730",18.90%,4.2,0.91
US,HIV,146,1109,"4,267","3,635",632,17.40%,0.2,0.51
US,Homicide,2987,5213,"21,515","17,405","4,110",23.60%,1.2,-0.67
US,Influenza and Pneumonia,-9705,8278,"40,862","41,513",-651,-1.60%,-0.2,0.21
US,Injury of Undetermined Intent,-31,873,"5,161","4,735",426,9.00%,0.1,-0.57
US,Kidney Disease,-843,3119,"43,208","42,045","1,163",2.80%,0.4,0.47
US,Liver Disease,4683,6676,"43,931","38,242","5,689",14.90%,1.7,-0.43
US,Motor Vehicle Accidents,-976,3931,"36,805","35,307","1,498",4.20%,0.5,-0.81
US,Other External Causes,11046,21223,"141,199","125,023","16,176",12.90%,4.9,0.26
US,Other Internal Causes,21869,55058,"533,087","494,442","38,645",7.80%,11.7,0.82
US,Suicide,-4142,-1407,"38,413","41,174","-2,761",-6.70%,-0.8,-0.65
US,Unknown Disease,-1501,7217,"27,778","24,883","2,895",11.60%,0.9,0.56
UT,All Causes,1707,3009,"18,798","16,432","2,366",14.40%,72.8,0.77
UT,Alzheimers Disease,-63,235,968,881,87,9.90%,2.7,0.4
UT,CLRD,-59,94,773,755,18,2.40%,0.6,-0.08
UT,COVID-19,,,"1,433",,,,,
UT,Cancer,-106,278,"2,968","2,879",89,3.10%,2.7,-0.26
UT,Cardiovascular Disease,35,601,"4,783","4,462",321,7.20%,9.9,-0.16
UT,Diabetes,3,155,664,584,80,13.60%,2.5,-0.2
UT,HIV,-11,12,11,11,0,3.50%,0,-0.42
UT,Homicide,3,39,81,60,21,35.10%,0.6,-0.13
UT,Influenza and Pneumonia,-129,27,215,266,-51,-19.10%,-1.6,-0.57
UT,Injury of Undetermined Intent,-59,62,41,38,3,7.00%,0.1,0.24
UT,Kidney Disease,-84,42,296,316,-20,-6.40%,-0.6,-0.16
UT,Liver Disease,5,98,286,234,52,22.30%,1.6,0.1
UT,Motor Vehicle Accidents,-36,84,292,267,25,9.30%,0.8,-0.3
UT,Other External Causes,-97,125,"1,039","1,024",15,1.50%,0.5,0.26
UT,Other Internal Causes,-69,420,"4,170","3,991",179,4.50%,5.5,0.4
UT,Suicide,-101,33,557,591,-34,-5.70%,-1,-0.17
UT,Unknown Disease,-182,205,221,208,13,6.00%,0.4,0.07
VA,All Causes,6911,11059,"66,954","57,941","9,013",15.60%,104.8,0.93
VA,Alzheimers Disease,-91,331,"2,353","2,231",122,5.50%,1.4,0.54
VA,CLRD,-342,125,"2,751","2,856",-105,-3.70%,-1.2,0.25
VA,COVID-19,,,"5,670",,,,,
VA,Cancer,-332,389,"12,675","12,642",33,0.30%,0.4,-0.33
VA,Cardiovascular Disease,124,1913,"17,515","16,487","1,028",6.20%,11.9,-0.28
VA,Diabetes,-19,395,"2,165","1,975",190,9.60%,2.2,0.68
VA,HIV,-11,51,94,74,20,27.80%,0.2,0.51
VA,Homicide,-32,120,446,401,45,11.20%,0.5,-0.65
VA,Influenza and Pneumonia,-185,335,888,810,78,9.70%,0.9,-0.5
VA,Injury of Undetermined Intent,-18,17,41,41,0,-0.70%,0,-0.19
VA,Kidney Disease,-155,95,"1,318","1,347",-29,-2.10%,-0.3,0.29
VA,Liver Disease,62,240,990,838,152,18.10%,1.8,-0.6
VA,Motor Vehicle Accidents,-188,89,773,821,-48,-5.80%,-0.6,-0.19
VA,Other External Causes,316,683,"3,260","2,759",501,18.10%,5.8,0.6
VA,Other Internal Causes,603,1613,"14,468","13,353","1,115",8.30%,13,0.67
VA,Suicide,-81,89,"1,006","1,001",5,0.50%,0.1,-0.61
VA,Unknown Disease,-236,156,541,579,-38,-6.50%,-0.4,-0.26
VT,All Causes,23,504,"5,175","4,909",266,5.40%,41.8,0.61
VT,Alzheimers Disease,-72,33,238,257,-19,-7.50%,-3,-0.44
VT,CLRD,-62,15,269,293,-24,-8.10%,-3.7,0.3
VT,COVID-19,,,127,,,,,
VT,Cancer,-97,71,"1,141","1,154",-13,-1.10%,-2,0.27
VT,Cardiovascular Disease,10,241,"1,560","1,433",127,8.90%,20,-0.05
VT,Diabetes,-41,6,116,134,-18,-13.20%,-2.8,-0.3
VT,HIV,-4,3,,,0,,-0.1,-0.28
VT,Homicide,-4,10,14,11,3,26.80%,0.5,-0.1
VT,Influenza and Pneumonia,-49,4,27,49,-22,-45.20%,-3.5,-0.34
VT,Injury of Undetermined Intent,-11,7,11,13,-2,-16.00%,-0.3,0.13
VT,Kidney Disease,-15,18,16,14,2,11.80%,0.3,0.02
VT,Liver Disease,-7,27,68,58,10,17.40%,1.6,0
VT,Motor Vehicle Accidents,-22,24,57,56,1,2.00%,0.2,-0.05
VT,Other External Causes,1,70,342,306,36,11.70%,5.6,0.53
VT,Other Internal Causes,-65,132,"1,057","1,023",34,3.30%,5.4,-0.22
VT,Suicide,-21,30,106,102,4,4.40%,0.7,-0.52
VT,Unknown Disease,-11,11,23,23,0,0.30%,0,-0.34
WA,All Causes,2962,6478,"52,869","48,128","4,741",9.90%,61.7,0.8
WA,Alzheimers Disease,-128,556,"3,079","2,861",218,7.60%,2.8,0.3
WA,CLRD,-567,-75,"2,193","2,512",-319,-12.70%,-4.2,-0.52
WA,COVID-19,,,"3,276",,,,,
WA,Cancer,-568,121,"10,681","10,901",-220,-2.00%,-2.9,-0.08
WA,Cardiovascular Disease,-267,1207,"13,665","13,190",475,3.60%,6.2,-0.25
WA,Diabetes,136,316,"1,739","1,512",227,15.00%,3,0.4
WA,HIV,-37,16,33,43,-10,-23.90%,-0.1,0.24
WA,Homicide,26,110,281,213,68,32.10%,0.9,0.05
WA,Influenza and Pneumonia,-329,107,559,670,-111,-16.60%,-1.5,0.13
WA,Injury of Undetermined Intent,-11,41,96,81,15,19.20%,0.2,-0.46
WA,Kidney Disease,-77,87,324,318,6,2.00%,0.1,-0.28
WA,Liver Disease,37,207,"1,067",944,123,13.00%,1.6,-0.46
WA,Motor Vehicle Accidents,-38,151,566,509,57,11.20%,0.7,0.14
WA,Other External Causes,402,689,"3,161","2,614",547,20.90%,7.1,0.45
WA,Other Internal Causes,-234,826,"10,754","10,452",302,2.90%,3.9,0.37
WA,Suicide,-220,-30,977,"1,101",-124,-11.20%,-1.6,-0.27
WA,Unknown Disease,-83,50,418,433,-15,-3.50%,-0.2,0.07
WI,All Causes,5721,9072,"52,876","45,457","7,419",16.30%,126.5,0.96
WI,Alzheimers Disease,-54,374,"2,172","2,010",162,8.10%,2.8,0.47
WI,CLRD,-289,92,"2,244","2,340",-96,-4.10%,-1.6,0.26
WI,COVID-19,,,"5,418",,,,,
WI,Cancer,-194,224,"9,708","9,693",15,0.20%,0.3,0.49
WI,Cardiovascular Disease,-133,1364,"13,733","13,108",625,4.80%,10.6,0.66
WI,Diabetes,35,205,"1,413","1,293",120,9.30%,2,0.54
WI,HIV,-11,21,27,22,5,21.60%,0.1,0.2
WI,Homicide,29,123,279,203,76,37.70%,1.3,-0.23
WI,Influenza and Pneumonia,-354,166,551,643,-92,-14.30%,-1.6,-0.14
WI,Injury of Undetermined Intent,-17,14,56,57,-1,-2.40%,0,-0.25
WI,Kidney Disease,-155,23,704,769,-65,-8.40%,-1.1,0.22
WI,Liver Disease,37,147,730,638,92,14.50%,1.6,0.03
WI,Motor Vehicle Accidents,-11,180,605,519,86,16.50%,1.5,-0.46
WI,Other External Causes,-13,373,"3,422","3,239",183,5.60%,3.1,0.45
WI,Other Internal Causes,355,1199,"10,868","10,085",783,7.80%,13.3,0.69
WI,Suicide,-85,71,727,733,-6,-0.80%,-0.1,0.1
WI,Unknown Disease,-78,62,219,226,-7,-3.20%,-0.1,0.62
WV,All Causes,1813,3522,"21,541","18,863","2,678",14.20%,149.3,0.91
WV,Alzheimers Disease,-10,144,736,668,68,10.20%,3.8,0.33
WV,CLRD,-198,81,"1,299","1,356",-57,-4.20%,-3.2,0.12
WV,COVID-19,,,"1,424",,,,,
WV,Cancer,4,239,"3,900","3,778",122,3.20%,6.8,-0.05
WV,Cardiovascular Disease,-327,419,"5,336","5,286",50,0.90%,2.8,0.06
WV,Diabetes,-33,165,876,809,67,8.30%,3.8,0.37
WV,HIV,-11,7,,,-2,,-0.1,0
WV,Homicide,10,60,115,80,35,43.50%,1.9,0.63
WV,Influenza and Pneumonia,-43,91,350,326,24,7.30%,1.3,-0.04
WV,Injury of Undetermined Intent,-25,26,34,34,0,1.10%,0,-0.02
WV,Kidney Disease,28,119,446,373,73,19.70%,4.1,-0.23
WV,Liver Disease,-5,71,310,277,33,12.00%,1.9,-0.12
WV,Motor Vehicle Accidents,-94,29,270,302,-32,-10.50%,-1.8,0.49
WV,Other External Causes,182,569,"1,747","1,370",377,27.50%,21,0.07
WV,Other Internal Causes,188,674,"4,053","3,619",434,12.00%,24.2,0.26
WV,Suicide,-61,29,294,310,-16,-5.10%,-0.9,0.13
WV,Unknown Disease,-230,87,342,412,-70,-17.00%,-3.9,0.47
WY,All Causes,500,989,"4,689","3,941",748,19.00%,129.2,0.69
WY,Alzheimers Disease,-37,62,185,172,13,7.70%,2.3,0.15
WY,CLRD,0,73,310,273,37,13.40%,6.3,-0.39
WY,COVID-19,,,399,,,,,
WY,Cancer,-56,91,784,766,18,2.40%,3.1,0
WY,Cardiovascular Disease,3,229,"1,163","1,046",117,11.20%,20.2,-0.63
WY,Diabetes,-17,45,119,105,14,13.50%,2.5,-0.18
WY,HIV,-2,4,,,1,,0.2,-0.28
WY,Homicide,-6,13,20,16,4,22.30%,0.6,0.11
WY,Influenza and Pneumonia,-49,6,53,74,-21,-28.60%,-3.7,0.36
WY,Injury of Undetermined Intent,-6,3,,,-1,,-0.2,0.22
WY,Kidney Disease,-25,9,45,53,-8,-14.60%,-1.3,-0.32
WY,Liver Disease,2,44,121,98,23,23.50%,4,0.01
WY,Motor Vehicle Accidents,-9,70,128,97,31,31.50%,5.3,-0.55
WY,Other External Causes,-29,49,216,206,10,4.90%,1.7,0.26
WY,Other Internal Causes,92,265,932,752,180,23.90%,31.1,0.05
WY,Suicide,-12,55,161,139,22,15.90%,3.8,-0.41
WY,Unknown Disease,5,34,46,27,19,73.10%,3.4,0.14